时,分,秒,效用,北纬,东经,地面速率,航向,月日年,磁偏角
01,13,23,A,4047.533,11141.856,012.2,253.6,100517,*1A
01,13,23,A,4047.533,11141.856,1,05,1108,*57
01,13,23,A,4047.532,11141.852,011.3,254.3,100517,*1E
01,13,23,A,4047.532,11141.852,1,05,1106,*5D
01,13,23,A,4047.532,11141.852,011.3,254.3,100517,*1E
01,13,23,A,4047.532,11141.852,1,05,1106,*5D
01,13,24,A,4047.557,11141.837,012.3,252.0,100517,*17
01,13,24,A,4047.557,11141.837,1,06,1181,*5E
01,13,24,A,4047.563,11141.830,012.2,255.4,100517,*16
01,13,24,A,4047.563,11141.830,1,06,1199,*54
01,13,24,A,4047.561,11141.826,014.2,257.0,100517,*12
01,13,24,A,4047.561,11141.826,1,06,1195,*5C
01,13,24,A,4047.560,11141.821,014.5,258.9,100517,*12
01,13,24,A,4047.560,11141.821,1,06,1194,*5C
01,13,24,A,4047.559,11141.815,014.7,260.2,100517,*1C
01,13,24,A,4047.559,11141.815,1,06,1192,*56
01,13,24,A,4047.560,11141.810,014.6,259.4,100517,*1D
01,13,24,A,4047.560,11141.810,1,06,1194,*5C
01,13,24,A,4047.558,11141.806,013.9,252.7,100517,*10
01,13,24,A,4047.558,11141.806,1,06,1195,*50
01,13,24,A,4047.558,11141.800,014.7,257.7,100517,*15
01,13,24,A,4047.558,11141.800,1,06,1196,*5A
01,13,24,A,4047.555,11141.796,014.9,259.9,100517,*17
01,13,24,A,4047.555,11141.796,1,07,1184,*54
01,13,25,A,4047.551,11141.791,014.5,258.7,100517,*1F
01,13,25,A,4047.551,11141.791,1,07,1174,*50
01,13,25,A,4047.549,11141.787,012.9,254.0,100517,*11
01,13,25,A,4047.549,11141.787,1,07,1167,*5D
01,13,25,A,4047.547,11141.783,011.1,254.8,100517,*1B
01,13,25,A,4047.547,11141.783,1,08,1162,*5E
01,13,25,A,4047.548,11141.779,010.7,259.7,100517,*15
01,13,25,A,4047.548,11141.779,1,08,1159,*5D
01,13,25,A,4047.547,11141.776,009.6,273.7,100517,*13
01,13,25,A,4047.547,11141.776,1,08,1151,*52
01,13,25,A,4047.547,11141.771,009.3,298.6,100517,*14
01,13,25,A,4047.547,11141.771,1,08,1147,*53
01,13,25,A,4047.549,11141.769,011.0,327.2,100517,*1B
01,13,25,A,4047.549,11141.769,1,08,1147,*57
01,13,25,A,4047.552,11141.767,013.1,338.5,100517,*14
01,13,25,A,4047.552,11141.767,1,08,1147,*52
01,13,25,A,4047.556,11141.766,016.3,341.1,100517,*13
01,13,25,A,4047.556,11141.766,1,08,1146,*59
01,13,25,A,4047.560,11141.764,018.5,340.4,100517,*19
01,13,25,A,4047.560,11141.764,1,08,1145,*5C
01,13,30,A,4047.565,11141.762,020.1,339.9,100517,*1B
01,13,30,A,4047.565,11141.762,1,08,1144,*53
01,13,30,A,4047.571,11141.759,022.2,339.6,100517,*19
01,13,30,A,4047.571,11141.759,1,08,1144,*5F
01,13,30,A,4047.577,11141.757,022.7,339.2,100517,*13
01,13,30,A,4047.577,11141.757,1,08,1143,*53
01,13,30,A,4047.583,11141.754,023.3,338.7,100517,*1B
01,13,30,A,4047.583,11141.754,1,08,1142,*5B
01,13,30,A,4047.589,11141.751,022.5,339.4,100517,*16
01,13,30,A,4047.589,11141.751,1,08,1142,*53
01,13,30,A,4047.595,11141.748,022.2,339.1,100517,*10
01,13,30,A,4047.595,11141.748,1,08,1142,*57
01,13,30,A,4047.601,11141.746,021.9,339.9,100517,*13
01,13,30,A,4047.601,11141.746,1,08,1142,*54
01,13,30,A,4047.607,11141.743,021.4,340.3,100517,*18
01,13,30,A,4047.607,11141.743,1,08,1142,*56
01,13,30,A,4047.613,11141.741,020.6,341.2,100517,*13
01,13,30,A,4047.613,11141.741,1,08,1141,*5D
01,13,30,A,4047.618,11141.738,018.8,342.0,100517,*13
01,13,30,A,4047.618,11141.738,1,08,1142,*5A
01,13,31,A,4047.623,11141.737,016.5,342.1,100517,*1E
01,13,31,A,4047.623,11141.716,1,37,2767,74-
01,13,31,A,4047.627,11141.735,1,09,1140,*51
01,13,31,A,4047.631,11141.734,013.2,342.9,100517,*16
01,13,31,A,4047.631,11141.734,1,09,1140,*54
01,13,31,A,4047.634,11141.733,011.6,343.2,100517,*19
01,13,31,A,4047.634,11141.733,1,09,1139,*59
01,13,31,A,4047.637,11141.732,009.7,343.4,100517,*12
01,13,31,A,4047.637,11141.732,1,09,1139,*5C
01,13,31,A,4047.639,11141.731,008.0,343.5,100517,*19
01,13,31,A,4047.639,11141.731,1,10,1139,*58
01,13,31,A,4047.641,11141.730,007.1,343.4,100517,*1B
01,13,31,A,4047.641,11141.730,1,08,1140,*52
01,13,31,A,4047.643,11141.730,007.0,343.3,100517,*1E
01,13,31,A,4047.643,11141.730,1,08,1139,*5F
01,13,31,A,4047.645,11141.729,006.7,343.0,100517,*1A
01,13,31,A,4047.645,11141.729,1,08,1139,*5E
01,13,31,A,4047.646,11141.728,005.6,343.0,100517,*1B
01,13,31,A,4047.646,11141.728,1,08,1138,*5C
01,13,32,A,4047.647,11141.728,003.9,338.0,100517,*15
01,13,32,A,4047.647,11141.728,1,08,1137,*58
01,13,32,A,4047.648,11141.727,002.4,338.0,100517,*18
01,13,32,A,4047.648,11141.727,1,08,1137,*59
01,13,32,A,4047.648,11141.727,001.4,338.0,100517,*18
01,13,32,A,4047.648,11141.727,1,08,1136,*5B
01,13,32,A,4047.648,11141.727,000.9,338.0,100517,*15
01,13,32,A,4047.648,11141.727,1,09,1135,*58
01,13,32,A,4047.648,11141.727,000.9,338.0,100517,*12
01,13,32,A,4047.648,11141.727,1,09,1135,*5F
01,13,32,A,4047.617,11141.721,001.1,338.0,100517,*16
01,13,32,A,4047.617,11141.721,1,10,1132,*5D
01,13,32,A,4047.617,11141.720,001.1,338.0,100517,*14
01,13,32,A,4047.617,11141.720,1,09,1128,*5C
01,13,32,A,4047.617,11141.721,001.0,338.0,100517,*15
01,13,32,A,4047.617,11141.721,1,09,1122,*56
01,13,32,A,4047.618,11141.722,001.3,338.0,100517,*15
01,13,32,A,4047.618,11141.722,1,09,1119,*5D
01,13,32,A,4047.618,11141.722,001.5,338.0,100517,*12
01,13,32,A,4047.618,11141.722,1,09,1115,*50
01,13,33,A,4047.618,11141.723,000.0,338.0,100517,*1F
01,13,33,A,4047.618,11141.723,1,09,1113,*5F
01,13,33,A,4047.617,11141.726,000.0,338.0,100517,*14
01,13,33,A,4047.617,11141.726,1,10,1101,*5F
01,13,33,A,4047.616,11141.728,000.0,338.0,100517,*18
01,13,33,A,4047.616,11141.728,1,10,1092,*58
01,13,33,A,4047.617,11141.734,000.0,338.0,100517,*15
01,13,33,A,4047.617,11141.734,1,10,1071,*58
01,13,33,A,4047.617,11141.736,000.0,338.0,100517,*10
01,13,33,A,4047.617,11141.736,1,10,1063,*5E
01,13,33,A,4047.617,11141.736,000.1,338.0,100517,*10
01,13,33,A,4047.617,11141.736,1,10,1062,*5E
01,13,33,A,4047.618,11141.736,000.2,338.0,100517,*1F
01,13,33,A,4047.618,11141.736,1,10,1061,*51
01,13,33,A,4047.618,11141.736,000.3,338.0,100517,*1F
01,13,33,A,4047.618,11141.736,1,10,1060,*51
01,13,33,A,4047.619,11141.735,000.3,338.0,100517,*12
01,13,33,A,4047.619,11141.735,1,10,1060,*5C
01,13,33,A,4047.620,11141.735,000.1,338.0,100517,*1B
01,13,33,A,4047.620,11141.735,1,10,1059,*5D
01,13,34,A,4047.620,11141.735,000.0,338.0,100517,*14
01,13,34,A,4047.620,11141.735,1,09,1058,*5A
01,13,34,A,4047.621,11141.735,000.0,338.0,100517,*14
01,13,34,A,4047.621,11141.735,1,09,1058,*5A
01,13,34,A,4047.621,11141.735,000.0,338.0,100517,*17
01,13,34,A,4047.621,11141.735,1,09,1058,*59
01,13,34,A,4047.621,11141.735,000.0,338.0,100517,*16
01,13,34,A,2767.621,11141.735,1,09,1058,064
01,13,34,A,4047.621,11141.735,1,09,1058,*5F
01,13,34,A,4047.621,11141.735,000.0,338.0,100517,*10
01,13,34,A,4047.621,11141.735,1,09,1058,*5E
01,13,34,A,4047.621,11141.735,000.0,338.0,100517,*13
01,13,34,A,4047.621,11141.735,1,09,1058,*5D
01,13,34,A,4047.621,11141.735,000.0,338.0,100517,*12
01,13,34,A,4047.621,11141.735,1,09,1058,*5C
01,13,34,A,4047.621,11141.735,000.0,338.0,100517,*1D
01,13,34,A,4047.621,11141.735,1,09,1058,*53
01,13,34,A,4047.621,11141.735,000.0,338.0,100517,*1C
01,13,34,A,4047.621,11141.735,1,09,1058,*52
01,13,35,A,4047.621,11141.735,000.0,338.0,100517,*14
01,13,35,A,4047.621,11141.735,1,09,1058,*5A
01,13,35,A,4047.621,11141.735,000.0,338.0,100517,*15
01,13,35,A,4047.621,11141.735,1,09,1058,*5B
01,13,35,A,4047.621,11141.735,000.0,338.0,100517,*16
01,13,35,A,4047.621,11141.735,1,09,1058,*58
01,13,35,A,4047.621,11141.735,000.0,338.0,100517,*17
01,13,35,A,4047.621,11141.735,1,09,1058,*59
01,13,35,A,4047.621,11141.735,000.0,338.0,100517,*10
01,13,35,A,4047.621,11141.735,1,09,1058,*5E
01,13,35,A,4047.621,11141.735,000.0,338.0,100517,*11
01,13,35,A,4047.621,11141.735,1,09,1058,*5F
01,13,35,A,4047.621,11141.735,000.0,338.0,100517,*12
01,13,35,A,4047.621,11141.735,1,09,1058,*5C
01,13,35,A,4047.621,11141.735,000.0,338.0,100517,*13
01,13,35,A,4047.621,11141.735,1,10,1058,*55
01,13,35,A,4047.621,11141.735,000.0,338.0,100517,*1C
01,13,35,A,4047.621,11141.735,1,10,1058,*5A
01,13,35,A,4047.621,11141.735,000.0,338.0,100517,*1D
01,13,35,A,4047.621,11141.735,1,10,1058,*5B
01,13,40,A,4047.621,11141.735,000.0,338.0,100517,*16
01,13,40,A,4047.621,11141.735,1,10,1058,*50
01,13,40,A,4047.621,11141.735,000.0,338.0,100517,*17
01,13,40,A,4047.621,11141.735,1,09,1058,*59
01,13,40,A,4047.621,11141.735,000.0,338.0,100517,*14
01,13,40,A,4047.621,11141.735,1,09,1058,*5A
01,13,40,A,4047.621,11141.735,000.0,338.0,100517,*15
01,13,40,A,4047.621,11141.735,1,09,1058,*5B
01,13,40,A,4047.621,11141.735,000.0,338.0,100517,*12
01,13,40,A,4047.621,11141.735,1,09,1058,*5C
01,13,40,A,4047.621,11141.735,000.0,338.0,100517,*13
01,13,40,A,4047.621,11141.735,1,09,1058,*5D
01,13,40,A,4047.621,11141.735,000.0,338.0,100517,*10
01,13,40,A,4047.621,11141.735,1,09,1058,*5E
01,13,40,A,4047.621,11141.735,000.0,338.0,100517,*11
01,13,40,A,4047.621,11141.735,1,09,1058,*5F
01,13,40,A,4047.621,11141.735,000.0,338.0,100517,*1E
01,13,40,A,4047.621,11141.735,1,09,1058,*50
01,13,40,A,4047.622,11141.734,000.6,338.0,100517,*1B
01,13,40,A,4047.622,11141.734,1,09,1058,*53
01,13,41,A,4047.622,11141.734,000.8,338.0,100517,*1D
01,13,41,A,4047.622,11141.734,1,09,1058,*5B
01,13,41,A,4047.623,11141.734,001.0,338.0,100517,*14
01,13,41,A,4047.623,11141.734,1,10,1058,*53
01,13,41,A,4047.623,11141.734,001.3,338.0,100517,*14
01,13,41,A,4047.623,11141.734,1,10,1058,*50
01,13,41,A,4047.623,11141.734,001.7,338.0,100517,*11
01,13,41,A,4047.623,11141.734,1,10,1058,*51
01,13,41,A,4047.624,11141.734,002.3,338.0,100517,*16
01,13,41,A,4047.624,11141.734,1,10,1058,*51
01,13,41,A,4047.624,11141.733,003.1,339.1,100517,*13
01,13,41,A,4047.624,11141.733,1,10,1058,*57
01,13,41,A,4047.626,11141.733,001.5,340.7,10-208,336
01,13,41,A,4047.626,11141.733,000.0,340.7,100517,*19
01,13,41,A,4047.626,11141.733,1,10,1058,*57
01,13,41,A,4047.627,11141.733,000.0,340.7,100517,*17
01,13,41,A,4047.627,11141.733,1,10,1058,*59
01,13,41,A,4047.627,11141.733,000.0,340.7,100517,*16
01,13,41,A,4047.627,11141.733,1,10,1058,*58
01,13,42,A,4047.627,11141.733,000.0,340.7,100517,*1C
01,13,42,A,4047.627,11141.733,1,09,1058,*5A
01,13,42,A,4047.627,11141.733,000.0,340.7,100517,*1D
01,13,42,A,4047.627,11141.733,1,09,1058,*5B
01,13,42,A,4047.627,11141.733,000.0,340.7,100517,*1E
01,13,42,A,4047.627,11141.733,1,09,1058,*58
01,13,42,A,4047.627,11141.733,000.0,340.7,100517,*1F
01,13,42,A,4047.627,11141.733,1,08,1058,*58
01,13,42,A,4047.627,11141.733,000.0,340.7,100517,*18
01,13,42,A,4047.627,11141.733,1,10,1058,*56
01,13,42,A,4047.627,11141.733,000.0,340.7,100517,*19
01,13,42,A,4047.627,11141.733,1,09,1058,*5F
01,13,42,A,4047.627,11141.733,000.0,340.7,100517,*1A
01,13,42,A,4047.627,11141.733,1,09,1058,*5C
01,13,42,A,4047.627,11141.733,000.0,340.7,100517,*1B
01,13,42,A,4047.627,11141.733,1,09,1058,*5D
01,13,42,A,4047.627,11141.733,000.0,340.7,100517,*14
01,13,42,A,4047.627,11141.733,1,10,1058,*5A
01,13,42,A,4047.627,11141.733,000.0,340.7,100517,*15
01,13,42,A,4047.627,11141.733,1,10,1058,*5B
01,13,43,A,4047.627,11141.733,000.0,340.7,100517,*1D
01,13,43,A,4047.627,11141.733,1,10,1058,*53
01,13,43,A,4047.627,11141.733,000.0,340.7,100517,*1C
01,13,43,A,4047.627,11141.733,1,10,1058,*52
01,13,43,A,4047.627,11141.733,000.0,340.7,100517,*1F
01,13,43,A,4047.627,11141.733,1,10,1058,*51
01,13,43,A,4047.627,11141.733,000.0,340.7,100517,*1E
01,13,43,A,4047.627,11141.733,1,10,1058,*50
01,13,43,A,4047.627,11141.733,000.0,340.7,100517,*19
01,13,43,A,4047.627,11141.733,1,10,1058,*57
01,13,43,A,4047.627,11141.733,000.0,340.7,100517,*18
01,13,43,A,4047.627,11141.733,1,10,1058,*56
01,13,43,A,4047.627,11141.733,000.0,340.7,100517,*1B
01,13,43,A,4047.627,11141.733,1,10,1058,*55
01,13,43,A,4047.627,11141.733,000.4,340.7,100517,*1E
01,13,43,A,4047.627,11141.733,1,10,1058,*54
01,13,43,A,4047.627,11141.733,000.4,340.7,100517,*11
01,13,43,A,4047.627,11141.733,1,10,1058,*5B
01,13,43,A,4047.627,11141.733,000.4,340.7,100517,*10
01,13,43,A,4047.627,11141.733,1,10,1058,*5A
01,13,44,A,4047.627,11141.733,000.6,337.5,100517,*1E
01,13,44,A,4047.627,11141.733,1,10,1058,*54
01,13,44,A,4047.627,11141.733,000.6,349.7,100517,*14
01,13,44,A,4047.627,11141.733,1,10,1057,*5A
01,13,44,A,4047.627,11141.733,000.9,348.5,100517,*1B
01,13,44,A,4047.627,11141.733,1,10,1057,*59
01,13,44,A,4047.627,11141.733,000.9,347.2,100517,*12
01,13,44,A,4047.627,11141.733,1,10,1057,*58
01,13,44,A,4047.628,11141.732,001.1,348.9,100517,*16
01,13,44,A,4047.628,11141.732,1,10,1058,*5E
01,13,44,A,4047.628,11141.732,001.5,340.0,100517,*12
01,13,44,A,4047.628,11141.732,1,10,1057,*50
01,13,44,A,4047.628,11141.732,001.9,341.0,100517,*1C
01,13,44,A,4047.628,11141.732,1,10,1057,*53
01,13,44,A,4047.629,11141.731,002.5,341.4,100517,*14
01,13,44,A,4047.629,11141.731,1,09,1057,*58
01,13,44,A,4047.630,11141.731,004.1,339.1,100517,*1B
01,13,44,A,4047.630,11141.731,1,09,1057,*5F
01,13,44,A,4047.631,11141.721,91057,337.8,100517,*14
01,13,44,A,4047.631,11141.729,1,09,1057,*56
01,13,45,A,4047.633,11141.729,007.0,337.0,100517,*15
01,13,45,A,4047.633,11141.729,1,09,1057,*5C
01,13,45,A,4047.635,11141.727,007.4,336.4,100517,*1D
01,13,45,A,4047.635,11141.727,1,09,1058,*5A
01,13,45,A,4047.637,11141.726,008.8,335.9,100517,*10
01,13,45,A,4047.637,11141.726,1,09,1058,*5A
01,13,45,A,4047.640,11141.724,009.7,335.1,100517,*15
01,13,45,A,4047.640,11141.724,1,09,1058,*59
01,13,45,A,4047.642,11141.722,009.1,334.8,100517,*18
01,13,45,A,4047.642,11141.722,1,09,1058,*5A
01,13,45,A,4047.645,11141.721,008.4,335.7,100517,*17
01,13,45,A,4047.645,11141.721,1,09,1058,*5F
01,13,45,A,4047.647,11141.720,009.3,337.2,100517,*16
01,13,45,A,4047.647,11141.720,1,09,1058,*5F
01,13,45,A,4047.649,11141.719,008.8,338.4,100517,*10
01,13,45,A,4047.649,11141.719,1,09,1058,*5A
01,13,45,A,4047.651,11141.718,008.5,340.7,100517,*16
01,13,45,A,4047.651,11141.718,1,09,1058,*5D
01,13,45,A,4047.654,11141.717,010.0,343.2,100517,*17
01,13,45,A,4047.654,11141.717,1,10,1058,*5E
01,13,50,A,4047.657,11141.716,011.9,345.1,100517,*15
01,13,50,A,4047.657,11141.716,1,10,1058,*51
01,13,50,A,4047.660,11141.715,012.3,345.6,100517,*1D
01,13,50,A,4047.660,11141.715,1,10,1057,*58
01,13,50,A,4047.664,11141.714,012.0,346.5,100517,*18
01,13,50,A,4047.664,11141.714,1,10,1057,*5E
01,13,50,A,4047.667,11141.713,012.9,345.5,100517,*17
01,13,50,A,4047.667,11141.713,1,10,1057,*5B
01,13,50,A,4047.670,11141.711,012.3,343.8,100517,*15
01,13,50,A,4047.670,11141.711,1,09,1058,*5F
01,13,50,A,4047.674,11141.709,012.4,342.7,100517,*10
01,13,50,A,4047.674,11141.709,1,10,1057,*54
01,13,50,A,4047.677,11141.708,012.1,342.1,100517,*12
01,13,50,A,4047.677,11141.708,1,09,1057,*5D
01,13,50,A,4047.680,11141.707,011.8,341.1,100517,*1D
01,13,50,A,4047.680,11141.707,1,09,1057,*5B
01,13,50,A,4047.683,11141.705,011.3,340.8,100517,*10
01,13,50,A,4047.683,11141.705,1,09,1057,*55
01,13,50,A,4047.686,11141.704,009.5,341.0,100517,*13
01,13,50,A,4047.686,11141.704,1,09,1057,*50
01,13,51,A,4047.688,11141.704,008.9,340.9,100517,*10
01,13,51,A,4047.688,11141.704,1,09,1058,*59
01,13,51,A,4047.690,11141.703,009.0,341.5,100517,*1A
01,13,51,A,4047.690,11141.703,1,09,1058,*56
01,13,51,A,4047.693,11141.702,009.4,342.1,100517,*18
01,13,51,A,4047.693,11141.702,1,09,1057,*58
01,13,51,A,4047.695,11141.701,008.3,343.1,100517,*1B
01,13,51,A,4047.695,11141.701,1,09,1057,*5C
01,13,51,A,4047.697,11141.701,006.0,342.0,100517,*13
01,13,51,A,4047.697,11141.701,1,09,1057,*59
01,13,51,A,4047.699,11141.700,005.3,341.7,100517,*19
01,13,51,A,4047.699,11141.700,1,09,1057,*57
01,13,51,A,4047.700,11141.700,004.9,343.9,100517,*1C
01,13,51,A,4047.700,11141.700,1,09,1056,*54
01,13,51,A,4047.701,11141.699,002.4,343.9,100517,*16
01,13,51,A,4047.701,11141.699,1,09,1056,*55
01,13,51,A,4047.702,11141.700,002.0,343.9,100517,*1F
01,13,51,A,4047.702,11141.700,1,09,1056,*58
01,13,51,A,4047.702,11141.700,002.3,343.9,100517,*1D
01,13,51,A,4047.702,11141.700,1,09,1057,*58
01,13,52,A,4047.703,11141.701,003.1,333.9,100517,*13
01,13,52,A,4047.703,11141.701,1,09,1057,*52
01,13,52,A,4047.704,11141.700,005.7,334.5,100517,*1F
01,13,52,A,4047.704,11141.700,1,08,1057,*54
01,13,52,A,4047.706,11141.700,009.4,335.5,100517,*10
01,13,52,A,4047.706,11141.700,1,08,1057,*55
01,13,52,A,4047.710,11141.699,013.1,336.1,100517,*1E
01,13,52,A,4047.710,11141.699,1,08,1057,*52
01,13,52,A,4047.713,11141.698,013.1,336.7,100517,*1D
01,13,52,A,4047.713,11141.698,1,08,1057,*57
01,13,52,A,4047.716,11141.697,009.2,339.7,100517,*11
01,13,52,A,4047.716,11141.697,1,08,1057,*5C
01,13,52,A,4047.718,11141.696,004.5,347.2,100517,*1B
01,13,52,A,4047.718,11141.696,1,08,1057,*50
01,13,52,A,4047.719,11141.696,000.0,347.2,100517,*1A
01,13,52,A,4047.719,11141.696,1,08,1057,*50
01,13,52,A,4047.719,11141.696,000.0,347.2,100517,*15
01,13,52,A,4047.719,11141.696,1,08,1057,*5F
01,13,52,A,4047.719,11141.695,000.0,347.2,100517,*17
01,13,52,A,4047.719,11141.695,1,08,1057,*5D
01,13,53,A,4047.719,11141.695,000.0,347.2,100517,*1F
01,13,53,A,4047.719,11141.695,1,07,1057,*5A
01,13,53,A,4047.719,11141.695,000.0,347.2,100517,*1E
01,13,53,A,4047.719,11141.695,1,08,1057,*54
01,13,53,A,4047.719,11141.695,000.0,347.2,100517,*1D
01,13,53,A,4047.719,11141.695,1,08,1057,*57
01,13,53,A,4047.719,11141.695,000.0,347.2,100517,*1C
01,13,53,A,4047.719,11141.695,1,08,1057,*56
01,13,53,A,4047.719,11141.695,000.0,347.2,100517,*1B
01,13,53,A,4047.719,11141.695,1,08,1057,*51
01,13,53,A,4047.719,11141.695,000.0,347.2,100517,*1A
01,13,53,A,4047.719,11141.695,1,07,1057,*5F
01,13,53,A,4047.719,11141.695,000.0,347.2,100517,*19
01,13,53,A,4047.719,11141.695,1,07,1057,*5C
01,13,53,A,4047.719,11141.695,000.0,347.2,100517,*18
01,13,53,A,4047.719,11141.695,1,07,1057,*5D
01,13,53,A,4047.719,11141.695,000.0,347.2,100517,*17
01,13,53,A,4047.719,11141.695,1,07,1057,*52
01,13,53,A,4047.719,11141.695,000.0,347.2,100517,*16
01,13,53,A,4047.719,11141.695,1,07,1057,*53
01,13,54,A,4047.719,11141.695,000.0,347.2,100517,*18
01,13,54,A,4047.719,11141.695,1,07,1057,*5D
01,13,54,A,4047.719,11141.695,000.0,347.2,100517,*19
01,13,54,A,4047.719,11141.695,2,07,1057,*5F
01,13,54,A,4047.719,11141.695,000.0,347.2,100517,*1A
01,13,54,A,4047.719,11141.695,2,07,1057,*5C
01,13,54,A,4047.719,11141.695,000.0,347.2,100517,*1B
01,13,54,A,4047.719,11141.695,2,07,1057,*5D
01,13,54,A,4047.719,11141.695,000.0,347.2,100517,*1C
01,13,54,A,4047.719,11141.695,2,07,1057,*5A
01,13,54,A,4047.719,11141.695,000.0,347.2,100517,*1D
01,13,54,A,4047.719,11141.695,2,07,1057,*5B
01,13,54,A,4047.719,11141.695,000.0,347.2,100517,*1E
01,13,54,A,4047.719,11141.695,2,07,1057,*58
01,13,54,A,4047.719,11141.695,000.0,347.2,100517,*1F
01,13,54,A,4047.719,11141.695,2,07,1057,*59
01,13,54,A,4047.719,11141.695,000.0,347.2,100517,*10
01,13,54,A,4047.719,11141.695,2,07,1057,*56
01,13,54,A,4047.719,11141.695,000.0,347.2,100517,*11
01,13,54,A,4047.719,11141.695,2,07,1057,*57
01,13,55,A,4047.719,11141.695,000.0,347.2,100517,*19
01,13,55,A,4047.719,11141.695,2,07,1057,*5F
01,13,55,A,4047.719,11141.695,000.0,347.2,100517,*18
01,13,55,A,4047.719,11141.695,2,07,1057,*5E
01,13,55,A,4047.719,11141.695,000.0,347.2,100517,*1B
01,13,55,A,4047.719,11141.695,2,07,1057,*5D
01,13,55,A,4047.719,11141.695,000.0,347.2,100517,*1A
01,13,55,A,4047.719,11141.695,2,07,1057,*5C
01,13,55,A,4047.719,11141.695,000.0,347.2,100517,*1D
01,13,55,A,4047.719,11141.695,2,08,1057,*54
01,13,55,A,4047.719,11141.695,000.0,347.2,100517,*1C
01,13,55,A,4047.719,11141.695,2,08,1057,*55
01,13,55,A,4047.719,11141.695,000.0,347.2,100517,*1F
01,13,55,A,4047.719,11141.695,2,08,1057,*56
01,13,55,A,4047.719,11141.695,000.0,347.2,100517,*1E
01,13,55,A,4047.719,11141.695,2,08,1057,*57
01,13,55,A,4047.719,11141.695,000.0,347.2,100517,*11
01,13,55,A,4047.719,11141.695,2,08,1057,*58
01,13,55,A,4047.719,11141.695,000.0,347.2,100517,*10
01,13,55,A,4047.719,11141.695,2,08,1057,*59
01,13,60,A,4047.719,11141.695,000.0,347.2,100517,*1F
01,13,60,A,4047.719,11141.695,2,09,1057,*57
01,13,60,A,4047.719,11141.695,000.0,347.2,100517,*1E
01,13,60,A,4047.719,11141.695,2,09,1057,*56
01,13,60,A,4047.719,11141.695,000.0,347.2,100517,*1D
01,13,60,A,4047.719,11141.695,2,09,1057,*55
01,13,60,A,4047.719,11141.695,000.0,347.2,100517,*1C
01,13,60,A,4047.719,11141.695,2,08,1057,*55
01,13,60,A,4047.719,11141.695,000.0,347.2,100517,*1B
01,13,60,A,4047.719,11141.695,2,08,1057,*52
01,13,60,A,4047.719,11141.695,000.0,347.2,100517,*1A
01,13,60,A,4047.719,11141.695,2,08,1057,*53
01,13,60,A,4047.719,11141.695,000.0,347.2,100517,*19
01,13,60,A,4047.719,11141.695,2,08,1057,*50
01,13,60,A,4047.719,11141.695,000.0,347.2,100517,*18
01,13,60,A,4047.719,11141.695,2,08,1057,*51
01,13,60,A,4047.719,11141.695,000.0,347.2,100517,*17
01,13,60,A,4047.719,11141.695,2,08,1057,*5E
01,13,60,A,4047.719,11141.695,000.0,347.2,100517,*16
01,13,60,A,4047.719,11141.695,2,08,1057,*5F
01,13,61,A,4047.719,11141.695,000.0,347.2,100517,*1E
01,13,61,A,4047.719,11141.695,2,08,1057,*57
01,13,61,A,4047.719,11141.695,000.0,347.2,100517,*1F
01,13,61,A,4047.719,11141.695,2,08,1057,*56
01,13,61,A,4047.719,11141.695,000.0,347.2,100517,*1C
01,13,61,A,4047.719,11141.695,2,08,1057,*55
01,13,61,A,4047.719,11141.695,000.0,347.2,100517,*1D
01,13,61,A,4047.719,11141.695,2,08,1057,*54
01,13,61,A,4047.719,11141.695,000.0,347.2,100517,*1A
01,13,61,A,4047.719,11141.695,2,08,1057,*53
01,13,61,A,4047.719,11141.695,000.0,347.2,100517,*1B
01,13,61,A,4047.719,11141.695,2,08,1057,*52
01,13,61,A,4047.719,11141.695,000.0,347.2,100517,*18
01,13,61,A,4047.719,11141.695,2,08,1057,*51
01,13,61,A,4047.719,11141.695,000.0,347.2,100517,*19
01,13,61,A,4047.719,11141.695,2,08,1057,*50
01,13,61,A,4047.719,11141.695,000.0,347.2,100517,*16
01,13,61,A,4047.719,11141.695,2,08,1057,*5F
01,13,61,A,4047.719,11141.695,000.0,347.2,100517,*17
01,13,61,A,4047.719,11141.695,2,08,1057,*5E
01,13,62,A,4047.719,11141.695,000.0,347.2,100517,*1D
01,13,62,A,4047.719,11141.695,2,08,1057,*54
01,13,62,A,4047.719,11141.695,000.0,347.2,100517,*1C
01,13,62,A,4047.719,11141.695,2,08,1057,*55
01,13,62,A,4047.719,11141.695,000.0,347.2,100517,*1F
01,13,62,A,4047.719,11141.695,2,08,1057,*56
01,13,62,A,4047.719,11141.695,000.0,347.2,100517,*1E
01,13,62,A,4047.719,11141.695,2,08,1057,*57
01,13,62,A,4047.719,11141.695,000.0,347.2,100517,*19
01,13,62,A,4047.719,11141.695,2,09,1057,*51
01,13,62,A,4047.719,11141.695,000.0,347.2,100517,*18
01,13,62,A,4047.719,11141.695,2,08,1057,*51
01,13,62,A,4047.719,11141.695,000.0,347.2,100517,*1B
01,13,62,A,4047.719,11141.695,2,09,1057,*53
01,13,62,A,4047.719,11141.695,000.0,347.2,100517,*1A
01,13,62,A,4047.719,11141.695,2,09,1057,*52
01,13,62,A,4047.719,11141.695,000.0,347.2,100517,*15
01,13,62,A,4047.719,11141.695,2,09,1057,*5D
01,13,62,A,4047.719,11141.695,000.0,347.2,100517,*14
01,13,62,A,4047.719,11141.695,2,09,1057,*5C
01,13,63,A,4047.719,11141.695,000.0,347.2,100517,*1C
01,13,63,A,4047.719,11141.695,2,10,1057,*5C
01,13,63,A,4047.719,11141.695,000.0,347.2,100517,*1D
01,13,63,A,4047.719,11141.695,2,09,1057,*55
01,13,63,A,4047.719,11141.695,000.0,347.2,100517,*1E
01,13,63,A,4047.719,11141.695,2,09,1057,*56
01,13,63,A,4047.719,11141.695,000.0,347.2,100517,*1F
01,13,63,A,4047.719,11141.695,2,09,1057,*57
01,13,63,A,4047.719,11141.695,000.0,347.2,100517,*18
01,13,63,A,4047.719,11141.695,2,09,1057,*50
01,13,63,A,4047.719,11141.695,000.0,347.2,100517,*19
01,13,63,A,4047.719,11141.695,2,09,1057,*51
01,13,63,A,4047.719,11141.695,000.0,347.2,100517,*1A
01,13,63,A,4047.719,11141.695,2,09,1057,*52
01,13,63,A,4047.719,11141.695,000.0,347.2,100517,*1B
01,13,63,A,4047.719,11141.695,2,09,1057,*53
01,13,63,A,4047.719,11141.695,000.0,347.2,100517,*14
01,13,63,A,4047.719,11141.695,2,09,1057,*5C
01,13,63,A,4047.719,11141.695,000.0,347.2,100517,*15
01,13,63,A,4047.719,11141.695,2,09,1057,*5D
01,13,64,A,4047.719,11141.695,000.0,347.2,100517,*1B
01,13,64,A,4047.719,11141.695,2,09,1057,*53
01,13,64,A,4047.719,11141.695,000.0,347.2,100517,*1A
01,13,64,A,4047.719,11141.695,2,09,1057,*52
01,13,64,A,4047.719,11141.695,000.0,347.2,100517,*19
01,13,64,A,4047.719,11141.695,2,09,1057,*51
01,13,64,A,4047.719,11141.695,000.0,347.2,100517,*18
01,13,64,A,4047.719,11141.695,2,09,1057,*50
01,13,64,A,4047.719,11141.695,000.0,347.2,100517,*1F
01,13,64,A,4047.719,11141.695,2,09,1057,*57
01,13,64,A,4047.719,11141.695,000.0,347.2,100517,*1E
01,13,64,A,4047.719,11141.695,2,09,1057,*56
01,13,64,A,4047.719,11141.695,000.0,347.2,100517,*1D
01,13,64,A,4047.719,11141.695,2,09,1057,*55
01,13,64,A,4047.719,11141.695,000.0,347.2,100517,*1C
01,13,64,A,4047.719,11141.695,2,10,1057,*5C
01,13,64,A,4047.719,11141.695,000.0,347.2,100517,*13
01,13,64,A,4047.719,11141.695,2,10,1057,*53
